exec_ID,first_name,last_name
e0000,Mellissa,Cluff
e0001,Micaela,Entinger
e0002,Allene,Mayala
e0003,Annabel,Bouwens
e0004,Josh,Vicic
e0005,Marleen,Sarvas
e0006,Inell,Dodridge
e0007,Katelynn,Thurlow
e0008,Yolanda,Lathon
e0009,Randell,Simmonds
e0010,Jaquelyn,Stranak
e0011,Marylee,Attwood
e0012,Elfreda,Schieler
e0013,Luz,Lucksom
e0014,Felix,Schloss
e0015,Michele,Wahr
e0016,Betsy,Flener
e0017,Jannette,Moynihan
e0018,Leota,Dede
e0019,Elisa,Jordt
e0020,Heidy,Gunner
e0021,Thu,Holoman
e0022,Rosina,Glisan
e0023,Randell,Stautz
e0024,Janice,Widlak
e0025,Florentino,Late
e0026,Loria,Layng
e0027,Tama,Kellough
e0028,Daniella,Gudger
e0029,Christeen,Borodec
