project_ID,title,abstract,start_date,end_date,duration,amount,org_acronym,program_ID,exec_ID,supervisor_ID,evaluator_ID,eval_mark,eval_date
prj00,Monte Mirage,voluptatibus similique culpa modi soluta quasi voluptatum ducimus quidem consectetur sunt illo ratione maiores error ipsum quae maxime aliquid repellat iste quia neque aut non nihil facilis vitae distinctio dolore vel eos rem provident amet explicabo suscipit porro iusto impedit vero autem perferendis exercitationem consequuntur nemo sapiente itaque alias laboriosam laudantium dolores magnam necessitatibus qui nam dolorum sequi repudiandae placeat nostrum labore quo numquam animi hic illum eaque natus deleniti dignissimos iure quos quis doloremque,2024-01-05,2027-10-31,3.8,524000,B.E.R.E.C.,prg12,e0026,r0087,r0040,6,2021-04-21
prj01,Enter Coding,quis enim deleniti illo harum illum deserunt temporibus iure eaque veritatis aut ipsum alias nesciunt repellendus doloribus eveniet minus facere omnis est eos nulla amet totam sunt a laborum nisi cupiditate ratione error iusto quibusdam autem quia ducimus blanditiis assumenda itaque eum accusantium rem qui culpa nobis laboriosam repudiandae optio officiis tenetur suscipit nihil vitae consectetur neque quos architecto dolor distinctio aspernatur quisquam nemo at provident unde earum ea quaerat consequuntur mollitia odio modi commodi impedit,2023-05-07,2025-12-06,2.6,669000,E.C.D.C.,prg27,e0009,r0030,r0092,8,2019-07-29
prj02,Mustangs,possimus fugit officiis delectus molestiae nobis cum iste commodi qui magnam ad eveniet alias itaque quidem consectetur amet esse quibusdam reprehenderit voluptate expedita sequi iure deserunt placeat quas aut ut voluptatem magni natus sunt temporibus tempore debitis molestias rem laboriosam reiciendis odit quam cumque consequuntur culpa blanditiis beatae neque illum nihil praesentium tenetur ducimus unde necessitatibus sit veniam repellat dolorum aperiam dolor ab aliquam dicta soluta autem voluptas modi quaerat iusto dolorem sint quae aspernatur explicabo nisi,2022-08-01,2024-01-26,1.4,225000,E.F.S.A.,prg17,e0011,r0090,r0093,9,2020-02-25
prj03,Instant Galaxy,omnis voluptas adipisci maiores illo tempora error officiis quaerat fuga voluptatum nihil quas magni amet ex iure doloribus architecto nesciunt neque facilis velit repellendus autem vel temporibus accusantium pariatur mollitia aperiam corporis nisi veritatis culpa minima accusamus provident eius cupiditate possimus fugiat nam in non similique saepe minus maxime distinctio ea ducimus laudantium obcaecati quam et consequuntur perferendis voluptate itaque modi odio aut placeat vero quisquam assumenda nostrum asperiores reprehenderit sed exercitationem beatae perspiciatis natus nobis aliquid reiciendis,2023-07-12,2026-07-20,3.0,519000,E.B.A.,prg17,e0007,r0077,r0017,10,2020-10-03
prj04,Odyssey,adipisci saepe est dolores dolorem non itaque rerum sunt deserunt expedita officia atque tenetur doloribus rem doloremque consectetur voluptatem vero voluptates deleniti cumque voluptas modi repudiandae error eos eum nihil libero vitae aliquid dolor amet voluptatum nemo accusamus obcaecati laboriosam repellat quibusdam assumenda reprehenderit molestias esse cum id laborum recusandae architecto facere ab nesciunt sed similique laudantium blanditiis animi consequatur velit explicabo magni eveniet veritatis fuga facilis beatae odit quam magnam dicta quia placeat excepturi quidem aut omnis vel,2022-04-24,2025-12-16,3.7,745000,B.E.R.E.C.,prg23,e0010,r0087,r0076,9,2021-09-12
prj05,MadMatrix,laboriosam dolores dolor ipsam magni distinctio dicta sint voluptatibus iure in culpa vero accusamus voluptatem illo tempore doloribus veniam blanditiis praesentium explicabo labore aut sed voluptatum eos ducimus nihil fugit debitis quas impedit et dolorem sapiente nesciunt neque laudantium nisi unde velit nulla dignissimos fugiat quo quibusdam iste maxime quidem autem commodi cupiditate tenetur quisquam facere possimus reprehenderit porro aperiam placeat vitae nobis inventore eligendi molestias sunt recusandae nam repudiandae laborum saepe libero ab eum pariatur architecto similique accusantium id,2023-03-18,2025-06-24,2.2,420000,EU-OSHA,prg28,e0029,r0082,r0088,10,2021-01-18
prj06,Titan,aut voluptatum incidunt inventore quae magnam doloribus laborum quibusdam quaerat accusamus fugit expedita earum tempora quas hic eligendi blanditiis quis ut fugiat commodi sequi praesentium sint nihil in consectetur nobis architecto assumenda suscipit fuga dolor magni veritatis nam officia reiciendis minima beatae impedit perspiciatis eum explicabo illo velit obcaecati rem a autem laudantium consequuntur dicta itaque illum nulla repellat esse amet at saepe iure porro tempore voluptate ratione sed nostrum qui facere eaque reprehenderit similique repellendus possimus labore quisquam vel non,2023-09-29,2027-06-23,3.8,245000,E.C.D.C.,prg28,e0023,r0098,r0061,7,2021-06-01
prj07,Ancient Dots,consequatur explicabo ducimus fugit similique a natus laborum porro odio iusto vel in illum sint autem esse est cumque quo itaque unde incidunt molestiae hic totam tempore libero eaque culpa voluptate reiciendis quisquam cum consectetur sunt tenetur enim animi impedit facilis ipsa accusamus quibusdam fuga possimus ad vero nesciunt modi debitis quas nobis fugiat mollitia saepe quidem temporibus expedita quis dolorum iure iste voluptas officia aspernatur ab id veritatis repellendus ea minima optio quasi inventore corporis voluptatem officiis quaerat doloremque sapiente qui,2023-11-28,2026-02-23,2.2,645000,E.I.G.E.,prg26,e0026,r0088,r0092,8,2020-10-03
prj08,Himalaya Fly,inventore sint quam atque deleniti minus deserunt libero nisi reprehenderit aliquam tenetur veritatis temporibus odit facilis ad dolorem rerum velit officia repellat pariatur nostrum dolores possimus alias qui incidunt a odio voluptate ipsum laboriosam non corporis aut neque dignissimos modi numquam ratione dolore cum consequuntur at asperiores obcaecati omnis recusandae placeat excepturi soluta eveniet quasi corrupti exercitationem eligendi totam repudiandae cupiditate culpa accusamus explicabo reiciendis necessitatibus perspiciatis ipsa nam sed minima fugit officiis maiores ullam quod voluptatem facere itaque quae tempore architecto esse,2022-02-23,2023-12-20,1.8,553000,E.S.A.,prg09,e0025,r0013,r0031,5,2020-08-29
prj09,Xena,facere cupiditate nobis ab animi consectetur error numquam officia ullam velit iure natus temporibus quod praesentium voluptate magni voluptatum a rem amet eaque voluptatem laborum qui hic dolorem sequi dolor placeat aut sed eveniet expedita possimus distinctio consequatur dolores maiores id accusantium ducimus mollitia quidem at provident ad adipisci odit libero voluptates quo reprehenderit aliquam beatae perferendis fugiat ipsa corporis quae recusandae ipsam debitis necessitatibus repellendus labore culpa nisi atque exercitationem excepturi quasi illum molestias tempore non odio in repudiandae repellat est modi accusamus,2024-01-20,2025-12-05,1.9,283000,E.L.A.,prg21,e0005,r0072,r0091,6,2021-09-21
prj10,Caveman Lawyers,molestiae repellendus sunt ratione cum fugit impedit eos numquam nulla aspernatur magni vitae suscipit quisquam et labore optio id eius excepturi reprehenderit beatae minus quo officia dicta consequatur dolor delectus a recusandae quos perspiciatis nemo reiciendis itaque accusamus dignissimos tempora totam perferendis est earum quas eum voluptatibus aut doloremque voluptates inventore nihil nesciunt vel consequuntur dolores quis voluptate consectetur incidunt alias iure quae blanditiis saepe enim atque expedita nam harum tenetur sit adipisci voluptas error ut fuga rerum sed corporis laborum unde repellat hic iusto,2023-03-23,2024-12-24,1.8,394000,E.M.S.A.,prg11,e0011,r0007,r0052,5,2021-01-16
prj11,Lonely Fox,odit molestias obcaecati voluptatem dolor ut cupiditate accusamus omnis quasi facilis totam tenetur id cumque sint nulla neque autem labore ea iusto expedita a deserunt beatae nihil fugiat eum laborum ipsum non magnam atque dolores natus quae eligendi iste nostrum laudantium perspiciatis similique fugit aperiam illum quo numquam dolorum voluptates rerum amet vitae nisi et quisquam quaerat rem dolore nemo harum sunt consequuntur eius veritatis dolorem quibusdam blanditiis odio sit impedit voluptatum aut inventore unde commodi error illo veniam asperiores explicabo mollitia repellat recusandae earum pariatur,2024-03-29,2025-10-08,1.6,673000,E.S.A.,prg26,e0009,r0073,r0003,6,2020-07-03
prj12,Switch and Swift,inventore pariatur itaque numquam totam aliquam aut ducimus magnam accusantium quod omnis quis culpa corrupti quo voluptatibus hic qui sunt non sint cum ex dolores animi iure optio delectus temporibus odit cupiditate fugiat voluptatum laudantium modi alias minima libero iusto eos recusandae quia deleniti maxime nobis adipisci aperiam sequi beatae fuga provident aspernatur voluptate consequuntur dignissimos saepe quibusdam facilis dolorem error nam veritatis nulla ipsum expedita ipsa distinctio dolor cumque deserunt iste necessitatibus tempore dicta nostrum minus sed eaque ullam tempora accusamus quaerat quos esse debitis voluptatem,2022-09-12,2025-05-19,2.7,169000,E.I.O.P.A.,prg06,e0026,r0012,r0056,7,2021-12-23
prj13,Illumino Eye,vitae commodi expedita iste ad quaerat quibusdam voluptas maiores dolore esse repellendus harum autem similique incidunt ipsum animi a ut sed natus rem doloribus pariatur beatae eos quidem quas quod sapiente molestiae sit perferendis totam ullam enim architecto aliquid reprehenderit amet tempore blanditiis facilis in libero maxime nulla praesentium placeat quae deserunt laborum molestias officia sequi fugiat nostrum quo dignissimos corporis soluta consectetur nisi numquam fuga dolorem consequatur quam laboriosam odio deleniti nesciunt odit modi possimus asperiores vero nobis optio dolor rerum illo velit mollitia eius ea cupiditate,2022-08-16,2025-02-02,2.5,877000,E.B.A.,prg02,e0027,r0050,r0079,8,2021-08-03
prj14,Honeycomb,tenetur explicabo nihil consequuntur eum velit ullam perferendis ea laboriosam assumenda vero sapiente voluptas commodi nostrum ad aperiam odit facere repellat incidunt libero aliquam veritatis nemo dolorum eos placeat qui hic in accusamus id sunt cumque quasi tempora fuga distinctio beatae corrupti blanditiis et iure ratione quo ipsum magnam magni sequi itaque excepturi optio vel molestias culpa voluptates pariatur consectetur odio voluptatibus animi sit dicta nisi laudantium fugit quas aut quos at est sed dolore quisquam mollitia ipsa modi similique sint nobis necessitatibus eveniet deserunt obcaecati cupiditate repellendus illo,2022-07-04,2024-06-21,1.9,338000,E.I.G.E.,prg12,e0014,r0014,r0009,10,2020-02-18
prj15,Vegas,adipisci non unde sunt aperiam iste vitae veniam eum eligendi mollitia dignissimos illo aut ipsam consectetur obcaecati blanditiis voluptates inventore deleniti quis modi magnam corrupti quod recusandae fuga reiciendis ducimus deserunt architecto dolor natus delectus asperiores quaerat necessitatibus esse molestias doloribus incidunt nesciunt exercitationem fugit accusantium sequi iusto illum praesentium a quia saepe impedit voluptatibus provident atque sit velit culpa voluptate eius maiores alias repudiandae quidem repellat omnis beatae temporibus earum cupiditate dicta similique ab aliquid assumenda pariatur ullam iure corporis ex consequatur labore perspiciatis eveniet reprehenderit laboriosam sint placeat,2021-12-12,2025-06-16,3.5,981000,E.E.A.,prg01,e0024,r0060,r0061,5,2022-02-16
prj16,The Social Experiment,reprehenderit debitis sunt delectus qui assumenda mollitia ipsum libero necessitatibus est deleniti ea ipsam adipisci quam dolorem ab asperiores aut nisi cumque facilis dicta neque nostrum laudantium modi facere enim ut consequatur porro architecto sit aliquam quasi temporibus ratione corporis consequuntur consectetur autem ipsa quaerat voluptatum eos ducimus dolor provident distinctio numquam eaque pariatur id animi nesciunt expedita tenetur sapiente nemo eius voluptatem dolorum voluptas impedit eligendi fugiat aperiam iure cupiditate quisquam soluta praesentium a rerum similique optio eum suscipit vel at obcaecati aspernatur omnis maxime ad laboriosam tempore aliquid nihil,2023-04-15,2026-02-22,2.8,476000,E.A.S.A.,prg12,e0016,r0084,r0028,10,2022-02-15
prj17,sienna,inventore nisi molestiae nemo corrupti a ab animi cupiditate rerum numquam voluptatum expedita ipsam non veniam distinctio voluptatibus fuga et nihil quae porro enim est voluptas doloribus quasi accusamus praesentium saepe exercitationem quia magnam aliquid in debitis quas repellat sit eveniet dolorum laboriosam aspernatur nesciunt reprehenderit molestias provident tenetur dolore iste deserunt velit odit necessitatibus reiciendis aut dignissimos impedit autem officiis sint laborum fugiat tempora eaque odio iusto esse ullam labore quis magni at placeat voluptates beatae id omnis similique earum ad totam assumenda explicabo aperiam cumque sed obcaecati eligendi repudiandae culpa,2023-06-10,2025-08-13,2.2,977000,E.I.G.E.,prg23,e0029,r0014,r0043,7,2021-12-31
prj18,Hades,error quisquam corrupti officiis modi assumenda porro unde fuga blanditiis quo nulla quas odio quidem ipsam non tempora repellendus ut eaque itaque odit deserunt provident similique harum cupiditate sunt laborum maxime voluptates delectus ipsa vel consectetur saepe consequatur voluptas rem deleniti maiores quibusdam cum repellat soluta quia alias et eum consequuntur voluptate iste beatae atque quae iure accusamus placeat nemo repudiandae dolor explicabo voluptatum laudantium expedita nihil dicta doloribus eveniet obcaecati suscipit dolorem natus voluptatibus in asperiores neque nostrum recusandae sed facere dolores inventore ex exercitationem qui reiciendis dignissimos commodi debitis ullam temporibus,2023-09-05,2026-06-01,2.8,516000,E.D.P.S.,prg17,e0013,r0038,r0033,10,2020-10-06
prj19,Longhorns,facere culpa saepe iste deleniti ad beatae vero voluptas doloribus libero reiciendis temporibus molestiae tempora aspernatur inventore soluta cum aperiam voluptatem nisi perferendis debitis cumque illum consequatur illo cupiditate nam in odio ab repellendus unde et repudiandae fugit maxime sint ut dolor nesciunt distinctio magnam nemo vel ipsa sed dolorem optio corrupti suscipit non expedita fuga ea impedit quia incidunt esse quos provident neque deserunt recusandae labore quae a magni laboriosam officiis eos commodi animi dolores voluptate omnis rerum aut nihil quidem eveniet quod praesentium ex error ratione necessitatibus exercitationem voluptatibus pariatur possimus consequuntur,2023-10-01,2025-01-27,1.2,117000,E.U.S.P.A.,prg21,e0000,r0047,r0063,6,2019-12-13
prj20,Aurora,sint ipsa cum laudantium repellendus eius doloribus minus autem corrupti odit perferendis illum est nam quae dignissimos ratione facere numquam cumque dolore voluptatibus voluptate voluptatem possimus maxime quia accusamus magni rem repudiandae repellat assumenda aperiam exercitationem nisi quo amet reprehenderit provident eaque culpa similique neque beatae iusto ipsum aut deserunt omnis impedit rerum dolorem iure dolorum enim veritatis sed hic ut nulla quibusdam cupiditate a ducimus debitis consequuntur nesciunt optio voluptates porro officia fuga velit earum suscipit eum fugit reiciendis commodi laborum quis itaque praesentium dolores voluptatum quisquam ea delectus quos architecto adipisci libero placeat,2021-11-17,2025-02-20,3.2,663000,E.M.S.A.,prg02,e0010,r0027,r0044,7,2019-08-05
prj21,GoodTrace,perspiciatis dolore voluptate enim autem officia culpa fugit qui quasi pariatur a dignissimos in recusandae exercitationem ipsum quas ipsam est laboriosam sed consequatur facilis assumenda ratione beatae possimus alias amet expedita cupiditate mollitia suscipit eveniet rem laborum illum esse quia ipsa nostrum ducimus atque ad unde temporibus nobis saepe aut nisi placeat voluptates dolor iste voluptatem corporis error numquam distinctio et optio at similique deserunt neque eius porro dicta architecto adipisci odio asperiores nemo impedit incidunt aliquid maiores earum quidem odit blanditiis sequi quod quis ex explicabo doloremque quae vero molestias nulla consequuntur cum dolorem tenetur,2022-10-09,2023-10-09,1.0,854000,E.S.A.,prg20,e0011,r0013,r0082,10,2019-09-04
prj22,A Salute to New Workers,et unde veritatis corporis odio dignissimos incidunt assumenda dolore suscipit iure ea excepturi doloribus modi impedit eos temporibus architecto repudiandae iste sint minus aperiam possimus dicta ex in ipsum quidem iusto magnam rem id voluptatibus voluptas totam eveniet officiis accusamus at porro fugit ipsam sunt aliquid consectetur magni sequi consequatur dolorem nobis atque labore quod consequuntur facilis delectus vel nisi repellendus quasi fuga mollitia quae itaque nulla non laudantium omnis quis praesentium deleniti animi tempore sed voluptatum dolor maxime eligendi sit reiciendis nesciunt commodi perspiciatis asperiores facere voluptate illum eum similique hic cum recusandae autem corrupti officia,2023-02-28,2025-02-03,2.0,362000,E.U.S.P.A.,prg11,e0013,r0047,r0083,5,2020-02-13
prj23,Great Marvell,veritatis nam beatae debitis recusandae soluta quas quam eveniet nulla veniam dicta molestiae exercitationem quos sunt dignissimos architecto numquam quod a fuga id deleniti distinctio inventore similique totam esse aliquid cumque in dolore ducimus aperiam quia unde nesciunt doloribus quidem ipsam error voluptas animi libero accusamus culpa expedita reprehenderit ullam earum dolor temporibus sequi sint maiores voluptatum optio aspernatur consequatur quasi quis asperiores molestias praesentium eligendi dolorem rem corporis fugit saepe explicabo vitae voluptatibus et nobis blanditiis consectetur facilis eum laudantium impedit repellat at cum quaerat alias sed provident itaque adipisci odit nihil illo voluptatem tempora labore voluptate,2022-03-12,2025-03-06,3.0,861000,E.I.G.E.,prg03,e0019,r0044,r0095,7,2021-09-16
prj24,Horned Frogs,distinctio dignissimos in libero modi quo impedit enim error quod rem hic minima quidem ut exercitationem nesciunt voluptate vel deserunt quasi debitis eveniet alias molestias nemo itaque reprehenderit quisquam commodi veritatis non excepturi pariatur quos blanditiis nam ipsam sint earum inventore dolores eum magnam fuga tempora quibusdam consectetur et nisi aperiam sequi totam ipsa eos vitae cum porro fugit similique qui maiores voluptatum expedita est placeat obcaecati natus consequatur ab temporibus eligendi perspiciatis reiciendis odio aliquam corrupti autem architecto illum laborum iure adipisci molestiae omnis repellendus deleniti minus possimus neque numquam accusamus facere consequuntur a eius accusantium quae id,2023-09-10,2027-01-25,3.3,352000,E.F.S.A.,prg13,e0008,r0031,r0081,8,2020-09-24
prj25,Indie Profilers,perferendis neque voluptas sapiente aliquam commodi adipisci dolor suscipit tenetur error repudiandae laboriosam modi itaque maxime natus molestiae numquam omnis magni optio consequuntur quasi explicabo ipsam magnam iste quae deleniti labore excepturi voluptate et alias nostrum eaque illum consequatur laudantium quo aspernatur eligendi soluta quibusdam ut ea nesciunt fugit accusamus consectetur repellendus accusantium officiis animi repellat amet provident minima libero reiciendis cupiditate quos minus asperiores facilis quas at temporibus voluptatum doloribus distinctio odit nisi quis similique placeat culpa fugiat praesentium inventore quaerat corrupti delectus cumque id vel maiores aperiam vitae expedita molestias iusto eveniet impedit ad beatae eos sit illo,2021-06-26,2023-08-24,2.2,842000,E.B.A.,prg18,e0013,r0004,r0079,8,2022-03-13
prj26,Casanova,amet fugiat fuga sequi ad eius magni quidem tenetur voluptatibus eos sunt vel consequuntur perspiciatis quas eveniet commodi consequatur vitae asperiores ipsum natus culpa at magnam hic rem cupiditate qui doloribus autem unde recusandae voluptatem beatae doloremque corrupti neque ipsam a temporibus pariatur veritatis exercitationem alias itaque quibusdam enim perferendis accusamus animi architecto incidunt non suscipit reprehenderit aliquid omnis voluptate quisquam minima quasi ipsa sed nobis error adipisci necessitatibus atque placeat illum velit sint dicta id rerum maxime voluptates provident soluta dignissimos odio maiores impedit molestiae delectus quis et dolor nihil explicabo eligendi voluptatum laudantium repudiandae facilis earum facere dolore nisi,2021-11-06,2023-09-25,1.8,482000,E.D.P.S.,prg08,e0017,r0092,r0046,5,2020-11-19
prj27,Plutonium,maxime omnis tempore ut vel id necessitatibus error accusamus cumque aliquam perferendis architecto sequi atque laboriosam illo provident itaque magni ratione voluptatem quisquam culpa maiores inventore dolore voluptatum iusto enim consequatur facere nulla soluta velit excepturi asperiores expedita fugit nihil dicta nesciunt ipsa facilis harum eveniet ipsum temporibus deleniti minima quae earum unde dolores ad corporis doloribus minus quo dolorem animi dolor illum at ullam deserunt optio eaque quam ea recusandae esse eius quia corrupti eligendi pariatur non rem ab veniam aperiam quis perspiciatis quibusdam similique fuga debitis est sit ducimus hic assumenda quidem voluptate neque odit vero repudiandae quod numquam mollitia,2023-01-02,2024-11-15,1.8,671000,E.D.P.B.,prg08,e0021,r0035,r0022,10,2020-04-28
prj28,Mentee to Mentor,repellendus tempore eaque saepe facere veniam adipisci atque corporis laboriosam dolorem fugit officiis totam odio nisi molestias iste omnis aliquid perspiciatis voluptatum ab non itaque mollitia hic minima suscipit minus libero illo placeat architecto dolore ad nemo assumenda vitae magnam harum eius consectetur soluta blanditiis praesentium maiores eum dolor dignissimos ipsam reiciendis dolores autem cumque obcaecati inventore possimus corrupti earum quibusdam temporibus nulla labore cum esse beatae quas quis iusto ducimus reprehenderit similique eligendi natus ipsa aut quisquam asperiores ratione nesciunt aliquam fuga maxime expedita veritatis nobis quam necessitatibus delectus velit quos dolorum fugiat unde debitis alias consequuntur illum sint est optio impedit,2022-07-23,2024-05-02,1.8,105000,A.C.E.R.,prg18,e0008,r0096,r0037,8,2022-02-17
prj29,The Coding Awards,quidem doloremque veniam ipsam impedit distinctio repellendus consequatur ab provident consequuntur eligendi ipsum culpa placeat temporibus minus quo qui deserunt error saepe eos velit animi cumque tempora alias quia reprehenderit incidunt dicta nisi dolore nesciunt nihil neque tempore nemo perferendis reiciendis mollitia hic autem odio suscipit dolorum fugiat minima corporis excepturi sed quisquam illum delectus id debitis et facilis tenetur obcaecati ex ut assumenda quos illo laudantium pariatur eveniet est dolorem cupiditate odit voluptatibus libero eaque commodi natus necessitatibus quod possimus ullam earum voluptatem aperiam corrupti totam asperiores sapiente laboriosam optio facere molestias dolores aut labore iste magni ducimus quis vel sint quaerat repudiandae,2024-03-30,2025-11-27,1.7,828000,E.D.P.S.,prg28,e0018,r0071,r0038,6,2021-05-30
prj30,Excalibur Training,fugit deserunt amet quisquam laudantium unde omnis veniam aut voluptate sint soluta nemo consectetur provident delectus minima ex minus alias voluptates beatae vel adipisci fugiat culpa sit repellat accusantium repellendus optio nesciunt sapiente mollitia asperiores aperiam laboriosam reiciendis impedit officiis illo obcaecati atque commodi repudiandae sed inventore dicta dignissimos pariatur consequuntur molestiae nobis ipsa ratione doloribus laborum dolores eos quo expedita a iure ducimus enim perferendis sunt assumenda autem et dolore ipsam rerum modi ullam voluptatem nisi ea iste aliquam ad necessitatibus non aspernatur corrupti facilis fuga facere at quia accusamus suscipit qui rem dolorem itaque eum illum quidem tenetur voluptatibus perspiciatis hic numquam saepe,2022-02-10,2026-01-13,3.9,150000,E.D.P.S.,prg28,e0009,r0071,r0009,5,2022-01-10
prj31,Yodha,harum suscipit soluta molestiae non sit excepturi quae dolor laudantium atque perferendis pariatur natus nostrum ab id repellat fuga dignissimos impedit earum iusto numquam neque corrupti ea eaque accusantium inventore labore sequi vitae corporis quibusdam facilis laborum consectetur sapiente animi sed distinctio quia eum repudiandae ut odit officia tempora optio ad perspiciatis quo praesentium recusandae quis dolore necessitatibus ratione nemo ex incidunt dolores magni eos porro quidem a officiis similique nesciunt aliquid eveniet dolorem adipisci modi exercitationem minus molestias asperiores quasi quam enim fugit temporibus explicabo possimus deserunt quos aliquam maxime nulla at saepe ipsam accusamus delectus voluptatem voluptates ducimus nisi deleniti in itaque repellendus assumenda,2020-05-28,2023-03-29,2.8,292000,E.I.G.E.,prg04,e0029,r0088,r0037,5,2020-04-28
prj32,Great Leadership,eius nulla laboriosam incidunt dolorem eligendi dolore perferendis harum repudiandae reprehenderit doloremque sapiente vitae neque fuga distinctio ducimus cumque sequi ipsum enim non culpa itaque maxime aliquid nam maiores quisquam ipsa sit cum accusamus cupiditate consequatur officia nostrum vel nihil nobis illum iste quod inventore optio eos tempore amet ea omnis quibusdam beatae laborum provident corrupti hic molestiae laudantium corporis dolor aperiam minima excepturi perspiciatis reiciendis velit quidem autem qui dolores rerum sunt vero magnam ullam similique rem eveniet illo ex ut magni deserunt suscipit quos delectus modi tenetur nisi quo facere odio animi veniam iure libero quas voluptatum sed molestias mollitia eum est possimus ipsam praesentium,2021-02-27,2023-02-05,2.0,928000,EU-OSHA,prg24,e0027,r0018,r0089,5,2021-01-27
prj33,Cowbelles,iusto repellat doloremque odit temporibus reprehenderit velit unde assumenda aspernatur quod molestiae natus officiis mollitia provident delectus earum dolorum voluptatem animi eaque pariatur minus illo perspiciatis maxime consectetur est explicabo ipsum aliquam tempora nesciunt soluta rerum impedit similique aut sunt culpa nulla excepturi eius asperiores quia corporis nostrum quam ea cupiditate ipsam blanditiis ad itaque quos sit alias rem sequi vitae maiores quisquam beatae voluptas facilis ducimus eligendi inventore eveniet quis eum dolorem suscipit consequatur expedita ratione magni numquam aliquid laboriosam vero sapiente eos quibusdam quidem harum doloribus amet ipsa recusandae autem error incidunt voluptate commodi nemo qui veritatis a exercitationem nobis distinctio officia placeat aperiam libero fugiat,2021-05-10,2024-03-25,2.8,573000,E.B.A.,prg28,e0000,r0050,r0056,10,2021-04-10
prj34,Apollo,velit quis labore illo maxime quas distinctio alias officiis architecto impedit molestiae nemo autem cum unde fugit pariatur ab veritatis molestias vero id modi nulla ratione inventore laborum totam ex ipsum suscipit aperiam iure libero accusantium rerum numquam ipsa quia consectetur iusto soluta eius provident nesciunt voluptatem itaque exercitationem ut optio quasi sed laboriosam asperiores cupiditate porro at consequatur atque deleniti esse tempore dicta perspiciatis quidem tempora deserunt sapiente perferendis earum aliquam expedita sequi nisi fuga et corrupti amet non placeat error eos ullam quos reiciendis nobis dolorum voluptatibus officia consequuntur facere laudantium repellat a voluptate eveniet tenetur odio neque explicabo rem repudiandae cumque repellendus ad quae in obcaecati,2021-01-13,2023-01-08,2.0,107000,E.S.A.,prg14,e0011,r0009,r0085,5,2020-12-13
prj35,RapidBrite,accusantium fuga molestias minus magnam tempora sapiente animi quo quisquam ipsa adipisci molestiae nisi dolorem quia nihil assumenda id voluptates voluptate blanditiis veritatis possimus doloremque sunt ipsum rerum illo ut cum praesentium doloribus hic deleniti dignissimos nam ducimus soluta necessitatibus aliquid commodi saepe corporis iure ab quae laborum excepturi vel explicabo asperiores veniam ratione esse unde perspiciatis recusandae reiciendis velit delectus provident eveniet eius nobis aspernatur ea incidunt quod itaque ad aliquam ullam exercitationem temporibus distinctio enim maiores sit labore eum magni quaerat similique cupiditate sint repellendus dolore expedita voluptatum vero obcaecati alias odio accusamus vitae sed tempore perferendis non laboriosam sequi nostrum deserunt dolorum amet quibusdam in numquam suscipit,2021-03-07,2023-05-11,2.2,944000,E.C.D.C.,prg21,e0003,r0098,r0095,6,2021-02-07
prj36,Excel and Elevate Training,libero consequuntur temporibus expedita at totam dolorum enim ullam magni fugiat eveniet adipisci qui voluptates praesentium voluptatum ipsa inventore fugit odit quis ratione ad quibusdam delectus nam ut unde saepe sint officiis placeat soluta deleniti commodi mollitia error dignissimos vero explicabo eaque consequatur iste molestias non iusto quisquam vitae distinctio iure aspernatur illum nostrum dolores sed nobis repellendus suscipit molestiae sit doloremque ea ex perspiciatis ab perferendis exercitationem quod omnis itaque excepturi repellat maxime nisi quaerat tenetur magnam quam maiores nihil doloribus rerum nulla minima laboriosam eos harum ducimus esse numquam rem eum natus incidunt accusantium sapiente eligendi aut in voluptatibus quasi cum provident debitis reprehenderit corporis labore voluptas beatae necessitatibus,2021-09-05,2022-12-11,1.2,560000,E.U.S.P.A.,prg10,e0022,r0065,r0010,7,2021-08-05
prj37,The Art of Codes,magni laboriosam voluptas sequi necessitatibus doloremque molestiae repellat delectus ab odio vel aut aspernatur cum beatae incidunt nam architecto nostrum atque nulla dolore dolores eveniet quam a quisquam id dolorem quas ad tempore enim harum earum dignissimos soluta obcaecati similique sapiente fuga in fugit itaque maxime magnam sint animi quo laborum ducimus reiciendis minima velit recusandae labore sed ullam illum amet pariatur qui deserunt voluptatem dicta ipsam commodi consectetur maiores iste voluptatibus tenetur quaerat libero quidem saepe exercitationem mollitia provident iure nisi debitis eaque molestias ea at fugiat perspiciatis vero laudantium adipisci dolor ut aliquid corrupti placeat corporis quod consequatur quae consequuntur odit dolorum doloribus officiis repellendus inventore esse rerum voluptates facere,2020-07-30,2023-08-09,3.1,823000,EU-OSHA,prg02,e0007,r0018,r0040,6,2020-06-30
prj38,Coding Region,dolores cupiditate aliquid quos blanditiis at similique provident reiciendis ex consequatur itaque ab eos voluptatum cumque atque alias maxime dolorum possimus eveniet voluptas iusto fugit modi temporibus ratione qui in ullam veniam natus enim asperiores architecto obcaecati perferendis nam incidunt nobis beatae quam officiis officia reprehenderit sit ea velit impedit sed numquam rem neque non nostrum tempora earum sunt libero voluptates ipsa saepe ducimus quaerat dignissimos soluta illo aperiam magnam placeat laudantium nihil ipsum fugiat exercitationem minus dolorem cum quis animi autem laboriosam quas distinctio eum eligendi molestiae ipsam odio repudiandae quasi consequuntur delectus inventore perspiciatis deserunt repellendus aspernatur dolor quae praesentium veritatis totam optio voluptatibus ad quia suscipit culpa excepturi magni nisi,2020-04-19,2022-10-27,2.5,849000,E.F.S.A.,prg03,e0014,r0002,r0025,5,2020-03-19
prj39,Cold Fusion,quod vitae veniam itaque libero pariatur non dolorum totam voluptate laboriosam perferendis nisi deleniti fugiat id fuga temporibus animi similique dignissimos odit rerum cupiditate sunt consequuntur enim ex iusto amet deserunt alias eveniet error nesciunt expedita minima aperiam vero quia beatae officia perspiciatis laborum magni commodi iste sapiente aliquam repellat voluptatem doloremque aut architecto minus atque quam possimus velit excepturi inventore quisquam reiciendis odio illo eius cum molestias officiis numquam quis quidem necessitatibus vel optio sint fugit repudiandae tempore distinctio illum molestiae earum porro omnis incidunt provident consectetur quo ullam a asperiores tempora rem repellendus esse corrupti dolore ut exercitationem culpa dolor nemo dolorem magnam natus quos maxime impedit assumenda voluptatibus sit delectus autem,2021-06-09,2023-04-20,1.8,168000,E.S.A.,prg03,e0012,r0091,r0042,7,2021-05-09
prj40,Rhinestone,omnis perferendis adipisci porro qui quis ipsum voluptate iure praesentium eius explicabo non libero quidem officia ratione tempore natus quia saepe repellendus sequi dignissimos ipsam illum aspernatur sunt quaerat eveniet hic quos deleniti est dolor doloribus laborum dicta corporis autem impedit laboriosam velit expedita nulla eos sint tempora unde provident ullam dolorum soluta enim veniam nostrum assumenda fuga quo minus officiis totam minima modi temporibus incidunt et iste nesciunt mollitia quibusdam veritatis alias eum quam odit facere atque cupiditate quod blanditiis nam perspiciatis nemo voluptatem magnam animi itaque dolores pariatur neque similique fugiat culpa repudiandae accusantium ducimus nihil dolorem voluptatum quisquam nisi rerum sed deserunt architecto nobis beatae reprehenderit consectetur sit ea maxime facilis ut,2023-11-07,2025-10-29,1.9,136000,E.U.S.P.A.,prg24,e0028,r0039,r0095,5,2019-10-29
prj41,Disco Ninjas,necessitatibus laboriosam amet aspernatur illum culpa soluta optio explicabo fugit placeat molestiae quos laborum tempore harum eveniet veritatis consequuntur ex ullam assumenda deserunt nulla saepe totam velit officia quibusdam sequi exercitationem voluptate maiores eaque magnam unde dolor doloribus beatae nesciunt omnis nostrum delectus ipsum cumque deleniti quidem eos sunt consectetur rerum quasi obcaecati dolores atque nihil dolorem officiis iusto mollitia praesentium expedita quisquam minima voluptates non quis at nemo dolore autem repellat nisi id reprehenderit quod laudantium tenetur accusantium vel quas ad porro architecto provident corrupti earum fugiat voluptas molestias eum perspiciatis incidunt labore esse repudiandae nobis ratione numquam aut animi ducimus fuga quam odit perferendis dignissimos qui suscipit illo magni itaque accusamus minus est corporis,2024-05-18,2026-08-23,2.2,384000,E.C.D.C.,prg06,e0006,r0078,r0048,8,2019-12-08
prj42,Kingsmen,harum nemo amet ab quaerat cupiditate architecto soluta dolore cumque quia autem tempora voluptate exercitationem cum suscipit expedita aperiam quod dolores est inventore tempore distinctio ipsam veniam sunt repellat magnam ad iusto recusandae quis iure eos fugiat quos labore id esse facere praesentium tenetur sapiente commodi doloribus delectus natus laudantium sequi molestias illum officiis hic porro placeat animi quisquam obcaecati dicta similique ipsum libero excepturi enim mollitia culpa atque velit aut deleniti rerum voluptatibus omnis unde voluptatum quae optio dolorum nostrum aliquam nulla eum officia quam molestiae ipsa possimus laborum rem explicabo ducimus perspiciatis itaque fuga aspernatur nihil modi sed error perferendis ratione consequuntur nisi eaque consequatur assumenda voluptates earum qui asperiores reprehenderit quo ea minus temporibus,2024-08-09,2026-05-15,1.8,721000,E.D.P.S.,prg15,e0006,r0079,r0000,10,2021-02-10
prj43,Irongate,repellat error voluptate maxime fugiat libero ducimus hic quisquam a dolores praesentium voluptatem enim dolorum at officiis consectetur suscipit quo magni corrupti provident delectus aliquid pariatur ab quas eligendi ipsam harum fugit nulla ea maiores amet voluptatum ipsum non itaque earum asperiores corporis impedit deserunt tempora deleniti debitis sapiente voluptas molestias quos voluptates inventore minus fuga tenetur sint perspiciatis dignissimos dolor recusandae culpa ullam nemo unde architecto laudantium commodi quia dicta incidunt eaque quaerat quis repudiandae exercitationem cum labore iste aut beatae rerum voluptatibus temporibus quod quae optio nostrum expedita iure illum omnis eius modi eos sed in officia vero necessitatibus magnam aspernatur reiciendis odio cumque ex natus molestiae minima facilis soluta sequi excepturi distinctio odit accusamus qui,2025-06-20,2027-10-15,2.3,414000,E.D.P.B.,prg00,e0011,r0085,r0018,5,2022-05-04
prj44,Poseidon,veritatis ratione vero iusto ducimus ea accusantium saepe maiores dicta repellendus omnis rem odio doloribus eveniet amet laboriosam repellat minus et id placeat reiciendis at explicabo iste porro quasi soluta totam cupiditate necessitatibus ipsam nostrum atque pariatur repudiandae voluptate aut corporis mollitia incidunt blanditiis asperiores quaerat maxime obcaecati vel animi dolor non unde deleniti nemo ut quidem consequatur beatae odit quos temporibus possimus exercitationem assumenda consequuntur nobis quam fugit quibusdam neque commodi voluptatibus minima officia cum alias nisi perspiciatis debitis distinctio ex sed facilis dolores veniam voluptatum libero eos sit inventore quod rerum tempore hic delectus laudantium illum iure harum nam corrupti numquam labore natus magni in quae excepturi autem nesciunt facere illo dolorem ipsum vitae molestiae dolorum eum,2023-04-19,2026-03-06,2.9,277000,E.D.P.S.,prg12,e0029,r0038,r0098,9,2021-07-02
prj45,Cyclone,dolore sit ipsa provident eligendi maxime repudiandae aperiam consequatur expedita quibusdam sint natus dignissimos corporis quo quas hic aliquam fuga nulla ullam odio suscipit perferendis pariatur ex quaerat placeat voluptate minima aspernatur possimus repellendus accusantium doloremque vero itaque quam nobis obcaecati at laborum veniam magnam eius enim ab voluptatibus a accusamus et soluta minus non adipisci tempora recusandae corrupti fugiat voluptas cupiditate similique eum asperiores modi neque numquam nesciunt dolores laudantium error nihil autem doloribus facere ratione atque reiciendis libero facilis officiis cum voluptatem rerum vitae nemo quasi debitis veritatis illum in sapiente sunt dolorum iure dolorem explicabo officia qui iste tenetur ipsam vel ipsum reprehenderit voluptatum repellat magni harum amet necessitatibus unde distinctio praesentium consequuntur temporibus nostrum aliquid maiores,2023-07-12,2025-09-22,2.2,953000,E.L.A.,prg03,e0009,r0055,r0053,9,2019-06-25
prj46,TruQuest,eaque labore quod deserunt magnam neque officia atque temporibus iusto possimus explicabo vero consectetur praesentium ab inventore eligendi nihil accusantium quas impedit natus quis fuga ipsa voluptatum voluptates blanditiis voluptatibus est fugit architecto at in rerum sequi corporis quibusdam accusamus voluptatem odit harum similique repellat illum perspiciatis quos earum quae nemo nostrum tempore debitis iste recusandae quidem officiis magni minus nesciunt mollitia commodi molestiae ipsum dignissimos vel deleniti dolorum perferendis ipsam quasi aut aspernatur adipisci sit modi nisi iure laboriosam ut libero excepturi dolor voluptate totam optio non reprehenderit numquam asperiores cum eum ea reiciendis sed voluptas maiores saepe qui a quisquam obcaecati ratione consequuntur sunt dolore error aperiam quo delectus sint cupiditate pariatur soluta quaerat sapiente alias distinctio placeat omnis,2022-08-20,2026-07-06,3.9,729000,E.I.G.E.,prg08,e0027,r0088,r0003,5,2019-06-27
prj47,Pure Panther,ab aperiam saepe placeat dicta praesentium aspernatur possimus enim recusandae omnis consectetur architecto cum voluptates nesciunt ut voluptatem dignissimos vitae eum labore corrupti asperiores reiciendis laboriosam rem necessitatibus expedita sint quod repellendus repellat consequatur libero fuga suscipit sapiente explicabo nam animi molestias voluptate odit facilis iusto temporibus aliquam fugiat blanditiis est quo voluptatum ipsam quam voluptatibus dolor et perferendis beatae deserunt provident hic ducimus tempora officia veniam eveniet nulla doloremque quis perspiciatis quasi ex iure laborum adipisci incidunt deleniti sequi quisquam ratione inventore natus delectus amet minima illum repudiandae porro earum aliquid commodi at quibusdam alias accusamus dolore nihil nemo odio a vel iste autem impedit pariatur atque mollitia unde voluptas totam quae dolorum laudantium doloribus nisi ipsa eaque similique magnam veritatis,2023-10-19,2024-10-26,1.0,432000,E.F.S.A.,prg17,e0006,r0070,r0044,10,2021-10-24
prj48,Vikings,cum eius illum dolorem recusandae alias dolor nostrum minus itaque placeat aut sapiente excepturi consequatur animi et quis rem possimus molestiae officia magni ducimus delectus quasi vero sunt voluptas iste perferendis quidem quos nam numquam quam fuga esse quia sit similique eligendi autem non ullam veniam consectetur exercitationem culpa voluptatum eveniet doloribus dicta labore accusamus est provident enim ab repellat perspiciatis repudiandae nesciunt deserunt assumenda repellendus debitis in veritatis minima a tenetur corrupti dolores nemo expedita atque fugiat unde aliquid ea obcaecati impedit dolorum optio magnam qui explicabo distinctio eum quas eaque facere aspernatur nisi iure maxime incidunt neque iusto modi at porro asperiores voluptates architecto totam inventore officiis corporis vel ipsa vitae error amet nulla consequuntur ut harum accusantium ipsam velit odio,2023-11-30,2026-12-01,3.1,366000,E.S.A.,prg20,e0007,r0073,r0048,10,2019-09-28
prj49,Bongo,ea odit ex fugit velit laborum expedita nisi illum tempore obcaecati laudantium nulla totam accusantium sed eveniet officia quas quasi recusandae omnis tempora dicta ab libero eaque earum eligendi fugiat rem inventore sequi dolor itaque quisquam cum voluptate dolores repellat facilis facere hic adipisci dignissimos vero consectetur suscipit praesentium voluptatem necessitatibus porro ut ipsa deserunt possimus error nemo similique aperiam soluta quis reprehenderit enim voluptates tenetur deleniti animi assumenda maxime commodi vitae ratione optio id modi temporibus placeat rerum corporis officiis corrupti molestias ipsam aliquam iure cumque dolorem quae veniam quibusdam consequatur perferendis dolore repellendus est iusto autem et harum distinctio eum perspiciatis cupiditate architecto excepturi in atque nihil minima a esse incidunt quo reiciendis quaerat alias molestiae aliquid eius veritatis explicabo ad iste,2023-08-29,2027-02-10,3.5,680000,E.U.S.P.A.,prg10,e0018,r0039,r0018,9,2019-09-05
